edition,year,host_country,host_city,theme,format,members_count_at_summit
1,2009,Russia,Yekaterinburg,"Founding summit of BRIC",In-person,4
2,2010,Brazil,Brasilia,"Consolidating multipolar cooperation",In-person,4
3,2011,China,Sanya,"Broad Vision Shared Prosperity",In-person,5
4,2012,India,New Delhi,"BRICS Partnership for Global Stability Security and Prosperity",In-person,5
5,2013,South Africa,Durban,"BRICS and Africa Partnership for Development Integration and Industrialisation",In-person,5
6,2014,Brazil,Fortaleza,"Inclusive Growth Sustainable Solutions",In-person,5
7,2015,Russia,Ufa,"BRICS Partnership a Powerful Factor of Global Development",In-person,5
8,2016,India,Goa,"Building Responsive Inclusive and Collective Solutions",In-person,5
9,2017,China,Xiamen,"BRICS Stronger Partnership for a Brighter Future",In-person,5
10,2018,South Africa,Johannesburg,"BRICS in Africa Collaboration for Inclusive Growth and Shared Prosperity",In-person,5
11,2019,Brazil,Brasilia,"Economic Growth for an Innovative Future",In-person,5
12,2020,Russia,Moscow,"BRICS Partnership for Global Stability Shared Security and Innovative Growth",Virtual,5
13,2021,India,New Delhi,"BRICS@15 Intra-BRICS Cooperation for Continuity Consolidation and Consensus",Virtual,5
14,2022,China,Beijing,"Foster High-Quality BRICS Partnership Usher in a New Era for Global Development",Virtual,5
15,2023,South Africa,Johannesburg,"BRICS and Africa Partnership for Mutually Accelerated Growth Sustainable Development and Inclusive Multilateralism",In-person,5
16,2024,Russia,Kazan,"Strengthening Multilateralism for Just Global Development and Security",In-person,9
17,2025,Brazil,Rio de Janeiro,"Strengthening Global South Cooperation for More Inclusive and Sustainable Governance",In-person,10
18,2026,India,New Delhi,"Building for Resilience Innovation Cooperation and Sustainability",In-person,11
