country,region,joined_year,population_millions,gdp_billion_usd,gdp_growth_pct,gdp_per_capita_usd
Brazil,South America,2009,213.0,2170,2.1,10188
Russia,Europe/Asia,2009,144.0,2050,1.4,14236
India,South Asia,2009,1440.0,3940,6.8,2736
China,East Asia,2009,1410.0,18500,4.8,13120
South Africa,Africa,2011,63.0,410,0.9,6508
Iran,Middle East,2024,91.0,465,3.5,5110
Egypt,Africa,2024,116.0,400,3.8,3448
Ethiopia,Africa,2024,132.0,160,6.1,1212
United Arab Emirates,Middle East,2024,10.5,550,3.9,52380
Indonesia,Southeast Asia,2025,283.0,1400,5.0,4947
Saudi Arabia,Middle East,2024,36.0,1100,3.4,30556
